Workbook

Sheet Product_01_Area1
A1: Year | B1: Week | C1: Calendar Week | D1: Sales (units) | E1: Price (€) | F1: Promotion Type | G1: Promotion Discount % | H1: Sell-Out (€) | I1: Trend Index | J1: Competitor Price (€)
A2: 1 | B2: 1 | C2: CW 1 | D2: 927 | E2: 29.99 | F2: None | G2: 0 | H2: 27800.73 | I2: 100.3 | J2: 33.66
A3: 1 | B3: 2 | C3: CW 2 | D3: 928 | E3: 29.99 | F3: None | G3: 0 | H3: 27830.72 | I3: 99.2 | J3: 32.29
A4: 1 | B4: 3 | C4: CW 3 | D4: 974 | E4: 29.99 | F4: None | G4: 0 | H4: 29210.26 | I4: 98.7 | J4: 33.86
A5: 1 | B5: 4 | C5: CW 4 | D5: 1363 | E5: 28.49 | F5: Bundle | G5: 0.05 | H5: 38832.55 | I5: 101.5 | J5: 33.33
A6: 1 | B6: 5 | C6: CW 5 | D6: 987 | E6: 29.99 | F6: None | G6: 0 | H6: 29600.13 | I6: 99.5 | J6: 33.52
A7: 1 | B7: 6 | C7: CW 6 | D7: 1119 | E7: 26.99 | F7: Price Discount 10% | G7: 0.1 | H7: 30202.93 | I7: 103.5 | J7: 33.55
A8: 1 | B8: 7 | C8: CW 7 | D8: 846 | E8: 29.99 | F8: None | G8: 0 | H8: 25371.54 | I8: 99.4 | J8: 27.54
A9: 1 | B9: 8 | C9: CW 8 | D9: 857 | E9: 29.99 | F9: None | G9: 0 | H9: 25701.43 | I9: 103.5 | J9: 33.24
A10: 1 | B10: 9 | C10: CW 9 | D10: 1088 | E10: 23.99 | F10: Price Discount 20% | G10: 0.2 | H10: 26103.3 | I10: 101.1 | J10: 29.25
A11: 1 | B11: 10 | C11: CW 10 | D11: 746 | E11: 29.99 | F11: None | G11: 0 | H11: 22372.54 | I11: 100.4 | J11: 28.53
A12: 1 | B12: 11 | C12: CW 11 | D12: 751 | E12: 29.99 | F12: None | G12: 0 | H12: 22522.49 | I12: 101 | J12: 30.16
A13: 1 | B13: 12 | C13: CW 12 | D13: 759 | E13: 29.99 | F13: None | G13: 0 | H13: 22762.41 | I13: 99.6 | J13: 34.23
... A105: 2 | B105: 52 | C105: CW 52 | D105: 1210 | E105: 29.99 | F105: None | G105: 0 | H105: 36287.9 | I105: 111.9 | J105: 29.71

Sheet Product_01_Area2
A1: Year | B1: Week | C1: Calendar Week | D1: Sales (units) | E1: Price (€) | F1: Promotion Type | G1: Promotion Discount % | H1: Sell-Out (€) | I1: Trend Index | J1: Competitor Price (€)
A2: 1 | B2: 1 | C2: CW 1 | D2: 806 | E2: 29.99 | F2: None | G2: 0 | H2: 24171.94 | I2: 100.5 | J2: 30.96
A3: 1 | B3: 2 | C3: CW 2 | D3: 1234 | E3: 23.99 | F3: Price Discount 20% | G3: 0.2 | H3: 29606.13 | I3: 101.9 | J3: 26.31
A4: 1 | B4: 3 | C4: CW 3 | D4: 858 | E4: 29.99 | F4: None | G4: 0 | H4: 25731.42 | I4: 101.1 | J4: 29.55
A5: 1 | B5: 4 | C5: CW 4 | D5: 885 | E5: 26.99 | F5: Price Discount 10% | G5: 0.1 | H5: 23887.03 | I5: 100 | J5: 30.2
A6: 1 | B6: 5 | C6: CW 5 | D6: 883 | E6: 26.99 | F6: Price Discount 10% | G6: 0.1 | H6: 23833.05 | I6: 102.5 | J6: 29.62
A7: 1 | B7: 6 | C7: CW 6 | D7: 717 | E7: 29.99 | F7: None | G7: 0 | H7: 21502.83 | I7: 101.6 | J7: 26.09
A8: 1 | B8: 7 | C8: CW 7 | D8: 741 | E8: 26.99 | F8: Price Discount 10% | G8: 0.1 | H8: 20000.33 | I8: 101.1 | J8: 28.62
A9: 1 | B9: 8 | C9: CW 8 | D9: 576 | E9: 29.99 | F9: None | G9: 0 | H9: 17274.24 | I9: 101.7 | J9: 28.56
A10: 1 | B10: 9 | C10: CW 9 | D10: 664 | E10: 29.99 | F10: None | G10: 0 | H10: 19913.36 | I10: 96.7 | J10: 30.75
A11: 1 | B11: 10 | C11: CW 10 | D11: 558 | E11: 29.99 | F11: None | G11: 0 | H11: 16734.42 | I11: 104.4 | J11: 27.11
A12: 1 | B12: 11 | C12: CW 11 | D12: 610 | E12: 29.99 | F12: None | G12: 0 | H12: 18293.9 | I12: 99.8 | J12: 33.36
A13: 1 | B13: 12 | C13: CW 12 | D13: 528 | E13: 29.99 | F13: None | G13: 0 | H13: 15834.72 | I13: 102.4 | J13: 30.91
... A105: 2 | B105: 52 | C105: CW 52 | D105: 1332 | E105: 29.99 | F105: Drive-in | G105: 0 | H105: 39946.68 | I105: 115.9 | J105: 31.78

Sheet Product_01_Area3
A1: Year | B1: Week | C1: Calendar Week | D1: Sales (units) | E1: Price (€) | F1: Promotion Type | G1: Promotion Discount % | H1: Sell-Out (€) | I1: Trend Index | J1: Competitor Price (€)
A2: 1 | B2: 1 | C2: CW 1 | D2: 1217 | E2: 29.99 | F2: None | G2: 0 | H2: 36497.83 | I2: 100 | J2: 30.19
A3: 1 | B3: 2 | C3: CW 2 | D3: 1396 | E3: 29.99 | F3: None | G3: 0 | H3: 41866.04 | I3: 102.9 | J3: 28.77
A4: 1 | B4: 3 | C4: CW 3 | D4: 1670 | E4: 26.99 | F4: Price Discount 10% | G4: 0.1 | H4: 45074.97 | I4: 98.6 | J4: 33.45
A5: 1 | B5: 4 | C5: CW 4 | D5: 1223 | E5: 29.99 | F5: None | G5: 0 | H5: 36677.77 | I5: 95.4 | J5: 29.13
A6: 1 | B6: 5 | C6: CW 5 | D6: 1202 | E6: 29.99 | F6: None | G6: 0 | H6: 36047.98 | I6: 103.3 | J6: 30.34
A7: 1 | B7: 6 | C7: CW 6 | D7: 1197 | E7: 29.99 | F7: None | G7: 0 | H7: 35898.03 | I7: 103.2 | J7: 30.17
A8: 1 | B8: 7 | C8: CW 7 | D8: 1065 | E8: 29.99 | F8: None | G8: 0 | H8: 31939.35 | I8: 102.9 | J8: 29.25
A9: 1 | B9: 8 | C9: CW 8 | D9: 1007 | E9: 29.99 | F9: None | G9: 0 | H9: 30199.93 | I9: 101.5 | J9: 25.49
A10: 1 | B10: 9 | C10: CW 9 | D10: 891 | E10: 29.99 | F10: None | G10: 0 | H10: 26721.09 | I10: 100.2 | J10: 33.88
A11: 1 | B11: 10 | C11: CW 10 | D11: 890 | E11: 29.99 | F11: None | G11: 0 | H11: 26691.1 | I11: 101.2 | J11: 30.72
A12: 1 | B12: 11 | C12: CW 11 | D12: 767 | E12: 29.99 | F12: None | G12: 0 | H12: 23002.33 | I12: 100 | J12: 26.32
A13: 1 | B13: 12 | C13: CW 12 | D13: 721 | E13: 29.99 | F13: None | G13: 0 | H13: 21622.79 | I13: 102 | J13: 32.08
... A105: 2 | B105: 52 | C105: CW 52 | D105: 1438 | E105: 29.99 | F105: None | G105: 0 | H105: 43125.62 | I105: 116.4 | J105: 26.8

Sheet Product_01_all
A1: Year | B1: Week | C1: Calendar Week | D1: Sales (units) | E1: Avg Price (€) | F1: Sell-Out (€) | G1: Avg Trend Index | H1: Avg Competitor Price (€)
A2: 1 | B2: 1 | C2: CW 1 | D2: =Product_01_Area1!D2+Product_01_Area2!D2+Product_01_Area3!D2 -> 2950 | E2: =(Product_01_Area1!E2+Product_01_Area2!E2+Product_01_Area3!E2)/3 -> 29.99 | F2: =Product_01_Area1!H2+Product_01_Area2!H2+Product_01_Area3!H2 -> 88470.5 | G2: =(Product_01_Area1!I2+Product_01_Area2!I2+Product_01_Area3!I2)/3 -> 100.26667 | H2: =(Product_01_Area1!J2+Product_01_Area2!J2+Product_01_Area3!J2)/3 -> 31.603333
A3: 1 | B3: 2 | C3: CW 2 | D3: =Product_01_Area1!D3+Product_01_Area2!D3+Product_01_Area3!D3 -> 3558 | E3: =(Product_01_Area1!E3+Product_01_Area2!E3+Product_01_Area3!E3)/3 -> 27.99 | F3: =Product_01_Area1!H3+Product_01_Area2!H3+Product_01_Area3!H3 -> 99302.89 | G3: =(Product_01_Area1!I3+Product_01_Area2!I3+Product_01_Area3!I3)/3 -> 101.33333 | H3: =(Product_01_Area1!J3+Product_01_Area2!J3+Product_01_Area3!J3)/3 -> 29.123333
A4: 1 | B4: 3 | C4: CW 3 | D4: =Product_01_Area1!D4+Product_01_Area2!D4+Product_01_Area3!D4 -> 3502 | E4: =(Product_01_Area1!E4+Product_01_Area2!E4+Product_01_Area3!E4)/3 -> 28.99 | F4: =Product_01_Area1!H4+Product_01_Area2!H4+Product_01_Area3!H4 -> 100016.65 | G4: =(Product_01_Area1!I4+Product_01_Area2!I4+Product_01_Area3!I4)/3 -> 99.466667 | H4: =(Product_01_Area1!J4+Product_01_Area2!J4+Product_01_Area3!J4)/3 -> 32.286667
A5: 1 | B5: 4 | C5: CW 4 | D5: =Product_01_Area1!D5+Product_01_Area2!D5+Product_01_Area3!D5 -> 3471 | E5: =(Product_01_Area1!E5+Product_01_Area2!E5+Product_01_Area3!E5)/3 -> 28.49 | F5: =Product_01_Area1!H5+Product_01_Area2!H5+Product_01_Area3!H5 -> 99397.35 | G5: =(Product_01_Area1!I5+Product_01_Area2!I5+Product_01_Area3!I5)/3 -> 98.966667 | H5: =(Product_01_Area1!J5+Product_01_Area2!J5+Product_01_Area3!J5)/3 -> 30.886667
A6: 1 | B6: 5 | C6: CW 5 | D6: =Product_01_Area1!D6+Product_01_Area2!D6+Product_01_Area3!D6 -> 3072 | E6: =(Product_01_Area1!E6+Product_01_Area2!E6+Product_01_Area3!E6)/3 -> 28.99 | F6: =Product_01_Area1!H6+Product_01_Area2!H6+Product_01_Area3!H6 -> 89481.16 | G6: =(Product_01_Area1!I6+Product_01_Area2!I6+Product_01_Area3!I6)/3 -> 101.76667 | H6: =(Product_01_Area1!J6+Product_01_Area2!J6+Product_01_Area3!J6)/3 -> 31.16
A7: 1 | B7: 6 | C7: CW 6 | D7: =Product_01_Area1!D7+Product_01_Area2!D7+Product_01_Area3!D7 -> 3033 | E7: =(Product_01_Area1!E7+Product_01_Area2!E7+Product_01_Area3!E7)/3 -> 28.99 | F7: =Product_01_Area1!H7+Product_01_Area2!H7+Product_01_Area3!H7 -> 87603.79 | G7: =(Product_01_Area1!I7+Product_01_Area2!I7+Product_01_Area3!I7)/3 -> 102.76667 | H7: =(Product_01_Area1!J7+Product_01_Area2!J7+Product_01_Area3!J7)/3 -> 29.936667
A8: 1 | B8: 7 | C8: CW 7 | D8: =Product_01_Area1!D8+Product_01_Area2!D8+Product_01_Area3!D8 -> 2652 | E8: =(Product_01_Area1!E8+Product_01_Area2!E8+Product_01_Area3!E8)/3 -> 28.99 | F8: =Product_01_Area1!H8+Product_01_Area2!H8+Product_01_Area3!H8 -> 77311.22 | G8: =(Product_01_Area1!I8+Product_01_Area2!I8+Product_01_Area3!I8)/3 -> 101.13333 | H8: =(Product_01_Area1!J8+Product_01_Area2!J8+Product_01_Area3!J8)/3 -> 28.47
A9: 1 | B9: 8 | C9: CW 8 | D9: =Product_01_Area1!D9+Product_01_Area2!D9+Product_01_Area3!D9 -> 2440 | E9: =(Product_01_Area1!E9+Product_01_Area2!E9+Product_01_Area3!E9)/3 -> 29.99 | F9: =Product_01_Area1!H9+Product_01_Area2!H9+Product_01_Area3!H9 -> 73175.6 | G9: =(Product_01_Area1!I9+Product_01_Area2!I9+Product_01_Area3!I9)/3 -> 102.23333 | H9: =(Product_01_Area1!J9+Product_01_Area2!J9+Product_01_Area3!J9)/3 -> 29.096667
A10: 1 | B10: 9 | C10: CW 9 | D10: =Product_01_Area1!D10+Product_01_Area2!D10+Product_01_Area3!D10 -> 2643 | E10: =(Product_01_Area1!E10+Product_01_Area2!E10+Product_01_Area3!E10)/3 -> 27.99 | F10: =Product_01_Area1!H10+Product_01_Area2!H10+Product_01_Area3!H10 -> 72737.75 | G10: =(Product_01_Area1!I10+Product_01_Area2!I10+Product_01_Area3!I10)/3 -> 99.333333 | H10: =(Product_01_Area1!J10+Product_01_Area2!J10+Product_01_Area3!J10)/3 -> 31.293333
A11: 1 | B11: 10 | C11: CW 10 | D11: =Product_01_Area1!D11+Product_01_Area2!D11+Product_01_Area3!D11 -> 2194 | E11: =(Product_01_Area1!E11+Product_01_Area2!E11+Product_01_Area3!E11)/3 -> 29.99 | F11: =Product_01_Area1!H11+Product_01_Area2!H11+Product_01_Area3!H11 -> 65798.06 | G11: =(Product_01_Area1!I11+Product_01_Area2!I11+Product_01_Area3!I11)/3 -> 102 | H11: =(Product_01_Area1!J11+Product_01_Area2!J11+Product_01_Area3!J11)/3 -> 28.786667
A12: 1 | B12: 11 | C12: CW 11 | D12: =Product_01_Area1!D12+Product_01_Area2!D12+Product_01_Area3!D12 -> 2128 | E12: =(Product_01_Area1!E12+Product_01_Area2!E12+Product_01_Area3!E12)/3 -> 29.99 | F12: =Product_01_Area1!H12+Product_01_Area2!H12+Product_01_Area3!H12 -> 63818.72 | G12: =(Product_01_Area1!I12+Product_01_Area2!I12+Product_01_Area3!I12)/3 -> 100.26667 | H12: =(Product_01_Area1!J12+Product_01_Area2!J12+Product_01_Area3!J12)/3 -> 29.946667
A13: 1 | B13: 12 | C13: CW 12 | D13: =Product_01_Area1!D13+Product_01_Area2!D13+Product_01_Area3!D13 -> 2008 | E13: =(Product_01_Area1!E13+Product_01_Area2!E13+Product_01_Area3!E13)/3 -> 29.99 | F13: =Product_01_Area1!H13+Product_01_Area2!H13+Product_01_Area3!H13 -> 60219.92 | G13: =(Product_01_Area1!I13+Product_01_Area2!I13+Product_01_Area3!I13)/3 -> 101.33333 | H13: =(Product_01_Area1!J13+Product_01_Area2!J13+Product_01_Area3!J13)/3 -> 32.406667
... A105: 2 | B105: 52 | C105: CW 52 | D105: =Product_01_Area1!D105+Product_01_Area2!D105+Product_01_Area3!D105 -> 3980 | E105: =(Product_01_Area1!E105+Product_01_Area2!E105+Product_01_Area3!E105)/3 -> 29.99 | F105: =Product_01_Area1!H105+Product_01_Area2!H105+Product_01_Area3!H105 -> 119360.2 | G105: =(Product_01_Area1!I105+Product_01_Area2!I105+Product_01_Area3!I105)/3 -> 114.73333 | H105: =(Product_01_Area1!J105+Product_01_Area2!J105+Product_01_Area3!J105)/3 -> 29.43

Sheet Product_02_Area1
A1: Year | B1: Week | C1: Calendar Week | D1: Sales (units) | E1: Price (€) | F1: Promotion Type | G1: Promotion Discount % | H1: Sell-Out (€) | I1: Trend Index | J1: Competitor Price (€)
A2: 1 | B2: 1 | C2: CW 1 | D2: 843 | E2: 14.99 | F2: None | G2: 0 | H2: 12636.57 | I2: 102.7 | J2: 14.99
A3: 1 | B3: 2 | C3: CW 2 | D3: 801 | E3: 14.99 | F3: None | G3: 0 | H3: 12006.99 | I3: 101.5 | J3: 16.55
A4: 1 | B4: 3 | C4: CW 3 | D4: 769 | E4: 14.99 | F4: None | G4: 0 | H4: 11527.31 | I4: 97.1 | J4: 14.89
A5: 1 | B5: 4 | C5: CW 4 | D5: 692 | E5: 14.99 | F5: None | G5: 0 | H5: 10373.08 | I5: 102.5 | J5: 16.1
A6: 1 | B6: 5 | C6: CW 5 | D6: 926 | E6: 14.99 | F6: None | G6: 0 | H6: 13880.74 | I6: 101 | J6: 16.44
A7: 1 | B7: 6 | C7: CW 6 | D7: 831 | E7: 14.99 | F7: None | G7: 0 | H7: 12456.69 | I7: 102.6 | J7: 13.06
A8: 1 | B8: 7 | C8: CW 7 | D8: 1024 | E8: 13.49 | F8: Price Discount 10% | G8: 0.1 | H8: 13814.78 | I8: 101.1 | J8: 14.45
A9: 1 | B9: 8 | C9: CW 8 | D9: 798 | E9: 14.99 | F9: None | G9: 0 | H9: 11962.02 | I9: 100.8 | J9: 13.62
A10: 1 | B10: 9 | C10: CW 9 | D10: 866 | E10: 14.99 | F10: None | G10: 0 | H10: 12981.34 | I10: 101.9 | J10: 15.09
A11: 1 | B11: 10 | C11: CW 10 | D11: 997 | E11: 14.99 | F11: None | G11: 0 | H11: 14945.03 | I11: 102.2 | J11: 15.14
A12: 1 | B12: 11 | C12: CW 11 | D12: 1180 | E12: 13.49 | F12: Price Discount 10% | G12: 0.1 | H12: 15919.38 | I12: 99.7 | J12: 15.97
A13: 1 | B13: 12 | C13: CW 12 | D13: 1076 | E13: 14.99 | F13: None | G13: 0 | H13: 16129.24 | I13: 102.1 | J13: 16.44
... A105: 2 | B105: 52 | C105: CW 52 | D105: 853 | E105: 14.99 | F105: None | G105: 0 | H105: 12786.47 | I105: 114.7 | J105: 13.95

Sheet Product_02_Area2
A1: Year | B1: Week | C1: Calendar Week | D1: Sales (units) | E1: Price (€) | F1: Promotion Type | G1: Promotion Discount % | H1: Sell-Out (€) | I1: Trend Index | J1: Competitor Price (€)
A2: 1 | B2: 1 | C2: CW 1 | D2: 675 | E2: 14.99 | F2: None | G2: 0 | H2: 10118.25 | I2: 100 | J2: 13.54
A3: 1 | B3: 2 | C3: CW 2 | D3: 639 | E3: 14.99 | F3: None | G3: 0 | H3: 9578.61 | I3: 101.9 | J3: 17.02
A4: 1 | B4: 3 | C4: CW 3 | D4: 542 | E4: 14.99 | F4: None | G4: 0 | H4: 8124.58 | I4: 101 | J4: 17.15
A5: 1 | B5: 4 | C5: CW 4 | D5: 568 | E5: 14.99 | F5: None | G5: 0 | H5: 8514.32 | I5: 101.5 | J5: 15.38
A6: 1 | B6: 5 | C6: CW 5 | D6: 668 | E6: 14.99 | F6: None | G6: 0 | H6: 10013.32 | I6: 104 | J6: 16.92
A7: 1 | B7: 6 | C7: CW 6 | D7: 805 | E7: 14.24 | F7: Bundle | G7: 0.05 | H7: 11463.6 | I7: 99.9 | J7: 14.44
A8: 1 | B8: 7 | C8: CW 7 | D8: 504 | E8: 14.99 | F8: None | G8: 0 | H8: 7554.96 | I8: 98 | J8: 14.7
A9: 1 | B9: 8 | C9: CW 8 | D9: 690 | E9: 14.99 | F9: None | G9: 0 | H9: 10343.1 | I9: 101.3 | J9: 15.58
A10: 1 | B10: 9 | C10: CW 9 | D10: 810 | E10: 13.49 | F10: Price Discount 10% | G10: 0.1 | H10: 10927.71 | I10: 101.3 | J10: 12.77
A11: 1 | B11: 10 | C11: CW 10 | D11: 681 | E11: 14.99 | F11: None | G11: 0 | H11: 10208.19 | I11: 100.7 | J11: 16.89
A12: 1 | B12: 11 | C12: CW 11 | D12: 1034 | E12: 11.99 | F12: Price Discount 20% | G12: 0.2 | H12: 12399.73 | I12: 100.7 | J12: 14.01
A13: 1 | B13: 12 | C13: CW 12 | D13: 737 | E13: 14.99 | F13: None | G13: 0 | H13: 11047.63 | I13: 99.5 | J13: 16.28
... A105: 2 | B105: 52 | C105: CW 52 | D105: 615 | E105: 14.99 | F105: None | G105: 0 | H105: 9218.85 | I105: 111.7 | J105: 16.02

Sheet Product_02_Area3
A1: Year | B1: Week | C1: Calendar Week | D1: Sales (units) | E1: Price (€) | F1: Promotion Type | G1: Promotion Discount % | H1: Sell-Out (€) | I1: Trend Index | J1: Competitor Price (€)
A2: 1 | B2: 1 | C2: CW 1 | D2: 915 | E2: 14.99 | F2: None | G2: 0 | H2: 13715.85 | I2: 99.2 | J2: 12.88
A3: 1 | B3: 2 | C3: CW 2 | D3: 884 | E3: 14.99 | F3: None | G3: 0 | H3: 13251.16 | I3: 98 | J3: 12.85
A4: 1 | B4: 3 | C4: CW 3 | D4: 1423 | E4: 11.99 | F4: Price Discount 20% | G4: 0.2 | H4: 17064.62 | I4: 99.8 | J4: 14.04
A5: 1 | B5: 4 | C5: CW 4 | D5: 977 | E5: 14.99 | F5: None | G5: 0 | H5: 14645.23 | I5: 100.3 | J5: 16.74
A6: 1 | B6: 5 | C6: CW 5 | D6: 1034 | E6: 14.99 | F6: None | G6: 0 | H6: 15499.66 | I6: 102.9 | J6: 17.17
A7: 1 | B7: 6 | C7: CW 6 | D7: 1003 | E7: 13.49 | F7: Price Discount 10% | G7: 0.1 | H7: 13531.47 | I7: 97.6 | J7: 14.27
A8: 1 | B8: 7 | C8: CW 7 | D8: 1020 | E8: 14.99 | F8: None | G8: 0 | H8: 15289.8 | I8: 98.5 | J8: 15.23
A9: 1 | B9: 8 | C9: CW 8 | D9: 1134 | E9: 14.99 | F9: None | G9: 0 | H9: 16998.66 | I9: 104.1 | J9: 16.49
A10: 1 | B10: 9 | C10: CW 9 | D10: 1030 | E10: 14.99 | F10: None | G10: 0 | H10: 15439.7 | I10: 97.5 | J10: 13.91
A11: 1 | B11: 10 | C11: CW 10 | D11: 1483 | E11: 11.99 | F11: Price Discount 20% | G11: 0.2 | H11: 17784.14 | I11: 98.7 | J11: 17.09
A12: 1 | B12: 11 | C12: CW 11 | D12: 1434 | E12: 13.49 | F12: Price Discount 10% | G12: 0.1 | H12: 19346.09 | I12: 97.4 | J12: 15.35
A13: 1 | B13: 12 | C13: CW 12 | D13: 1179 | E13: 14.99 | F13: None | G13: 0 | H13: 17673.21 | I13: 101.1 | J13: 15.56
... A105: 2 | B105: 52 | C105: CW 52 | D105: 966 | E105: 14.99 | F105: None | G105: 0 | H105: 14480.34 | I105: 112.1 | J105: 13.68

Sheet Product_02_all
A1: Year | B1: Week | C1: Calendar Week | D1: Sales (units) | E1: Avg Price (€) | F1: Sell-Out (€) | G1: Avg Trend Index | H1: Avg Competitor Price (€)
A2: 1 | B2: 1 | C2: CW 1 | D2: =Product_02_Area1!D2+Product_02_Area2!D2+Product_02_Area3!D2 -> 2433 | E2: =(Product_02_Area1!E2+Product_02_Area2!E2+Product_02_Area3!E2)/3 -> 14.99 | F2: =Product_02_Area1!H2+Product_02_Area2!H2+Product_02_Area3!H2 -> 36470.67 | G2: =(Product_02_Area1!I2+Product_02_Area2!I2+Product_02_Area3!I2)/3 -> 100.63333 | H2: =(Product_02_Area1!J2+Product_02_Area2!J2+Product_02_Area3!J2)/3 -> 13.803333
A3: 1 | B3: 2 | C3: CW 2 | D3: =Product_02_Area1!D3+Product_02_Area2!D3+Product_02_Area3!D3 -> 2324 | E3: =(Product_02_Area1!E3+Product_02_Area2!E3+Product_02_Area3!E3)/3 -> 14.99 | F3: =Product_02_Area1!H3+Product_02_Area2!H3+Product_02_Area3!H3 -> 34836.76 | G3: =(Product_02_Area1!I3+Product_02_Area2!I3+Product_02_Area3!I3)/3 -> 100.46667 | H3: =(Product_02_Area1!J3+Product_02_Area2!J3+Product_02_Area3!J3)/3 -> 15.473333
A4: 1 | B4: 3 | C4: CW 3 | D4: =Product_02_Area1!D4+Product_02_Area2!D4+Product_02_Area3!D4 -> 2734 | E4: =(Product_02_Area1!E4+Product_02_Area2!E4+Product_02_Area3!E4)/3 -> 13.99 | F4: =Product_02_Area1!H4+Product_02_Area2!H4+Product_02_Area3!H4 -> 36716.51 | G4: =(Product_02_Area1!I4+Product_02_Area2!I4+Product_02_Area3!I4)/3 -> 99.3 | H4: =(Product_02_Area1!J4+Product_02_Area2!J4+Product_02_Area3!J4)/3 -> 15.36
A5: 1 | B5: 4 | C5: CW 4 | D5: =Product_02_Area1!D5+Product_02_Area2!D5+Product_02_Area3!D5 -> 2237 | E5: =(Product_02_Area1!E5+Product_02_Area2!E5+Product_02_Area3!E5)/3 -> 14.99 | F5: =Product_02_Area1!H5+Product_02_Area2!H5+Product_02_Area3!H5 -> 33532.63 | G5: =(Product_02_Area1!I5+Product_02_Area2!I5+Product_02_Area3!I5)/3 -> 101.43333 | H5: =(Product_02_Area1!J5+Product_02_Area2!J5+Product_02_Area3!J5)/3 -> 16.073333
A6: 1 | B6: 5 | C6: CW 5 | D6: =Product_02_Area1!D6+Product_02_Area2!D6+Product_02_Area3!D6 -> 2628 | E6: =(Product_02_Area1!E6+Product_02_Area2!E6+Product_02_Area3!E6)/3 -> 14.99 | F6: =Product_02_Area1!H6+Product_02_Area2!H6+Product_02_Area3!H6 -> 39393.72 | G6: =(Product_02_Area1!I6+Product_02_Area2!I6+Product_02_Area3!I6)/3 -> 102.63333 | H6: =(Product_02_Area1!J6+Product_02_Area2!J6+Product_02_Area3!J6)/3 -> 16.843333
A7: 1 | B7: 6 | C7: CW 6 | D7: =Product_02_Area1!D7+Product_02_Area2!D7+Product_02_Area3!D7 -> 2639 | E7: =(Product_02_Area1!E7+Product_02_Area2!E7+Product_02_Area3!E7)/3 -> 14.24 | F7: =Product_02_Area1!H7+Product_02_Area2!H7+Product_02_Area3!H7 -> 37451.76 | G7: =(Product_02_Area1!I7+Product_02_Area2!I7+Product_02_Area3!I7)/3 -> 100.03333 | H7: =(Product_02_Area1!J7+Product_02_Area2!J7+Product_02_Area3!J7)/3 -> 13.923333
A8: 1 | B8: 7 | C8: CW 7 | D8: =Product_02_Area1!D8+Product_02_Area2!D8+Product_02_Area3!D8 -> 2548 | E8: =(Product_02_Area1!E8+Product_02_Area2!E8+Product_02_Area3!E8)/3 -> 14.49 | F8: =Product_02_Area1!H8+Product_02_Area2!H8+Product_02_Area3!H8 -> 36659.54 | G8: =(Product_02_Area1!I8+Product_02_Area2!I8+Product_02_Area3!I8)/3 -> 99.2 | H8: =(Product_02_Area1!J8+Product_02_Area2!J8+Product_02_Area3!J8)/3 -> 14.793333
A9: 1 | B9: 8 | C9: CW 8 | D9: =Product_02_Area1!D9+Product_02_Area2!D9+Product_02_Area3!D9 -> 2622 | E9: =(Product_02_Area1!E9+Product_02_Area2!E9+Product_02_Area3!E9)/3 -> 14.99 | F9: =Product_02_Area1!H9+Product_02_Area2!H9+Product_02_Area3!H9 -> 39303.78 | G9: =(Product_02_Area1!I9+Product_02_Area2!I9+Product_02_Area3!I9)/3 -> 102.06667 | H9: =(Product_02_Area1!J9+Product_02_Area2!J9+Product_02_Area3!J9)/3 -> 15.23
A10: 1 | B10: 9 | C10: CW 9 | D10: =Product_02_Area1!D10+Product_02_Area2!D10+Product_02_Area3!D10 -> 2706 | E10: =(Product_02_Area1!E10+Product_02_Area2!E10+Product_02_Area3!E10)/3 -> 14.49 | F10: =Product_02_Area1!H10+Product_02_Area2!H10+Product_02_Area3!H10 -> 39348.75 | G10: =(Product_02_Area1!I10+Product_02_Area2!I10+Product_02_Area3!I10)/3 -> 100.23333 | H10: =(Product_02_Area1!J10+Product_02_Area2!J10+Product_02_Area3!J10)/3 -> 13.923333
A11: 1 | B11: 10 | C11: CW 10 | D11: =Product_02_Area1!D11+Product_02_Area2!D11+Product_02_Area3!D11 -> 3161 | E11: =(Product_02_Area1!E11+Product_02_Area2!E11+Product_02_Area3!E11)/3 -> 13.99 | F11: =Product_02_Area1!H11+Product_02_Area2!H11+Product_02_Area3!H11 -> 42937.36 | G11: =(Product_02_Area1!I11+Product_02_Area2!I11+Product_02_Area3!I11)/3 -> 100.53333 | H11: =(Product_02_Area1!J11+Product_02_Area2!J11+Product_02_Area3!J11)/3 -> 16.373333
A12: 1 | B12: 11 | C12: CW 11 | D12: =Product_02_Area1!D12+Product_02_Area2!D12+Product_02_Area3!D12 -> 3648 | E12: =(Product_02_Area1!E12+Product_02_Area2!E12+Product_02_Area3!E12)/3 -> 12.99 | F12: =Product_02_Area1!H12+Product_02_Area2!H12+Product_02_Area3!H12 -> 47665.2 | G12: =(Product_02_Area1!I12+Product_02_Area2!I12+Product_02_Area3!I12)/3 -> 99.266667 | H12: =(Product_02_Area1!J12+Product_02_Area2!J12+Product_02_Area3!J12)/3 -> 15.11
A13: 1 | B13: 12 | C13: CW 12 | D13: =Product_02_Area1!D13+Product_02_Area2!D13+Product_02_Area3!D13 -> 2992 | E13: =(Product_02_Area1!E13+Product_02_Area2!E13+Product_02_Area3!E13)/3 -> 14.99 | F13: =Product_02_Area1!H13+Product_02_Area2!H13+Product_02_Area3!H13 -> 44850.08 | G13: =(Product_02_Area1!I13+Product_02_Area2!I13+Product_02_Area3!I13)/3 -> 100.9 | H13: =(Product_02_Area1!J13+Product_02_Area2!J13+Product_02_Area3!J13)/3 -> 16.093333
... A105: 2 | B105: 52 | C105: CW 52 | D105: =Product_02_Area1!D105+Product_02_Area2!D105+Product_02_Area3!D105 -> 2434 | E105: =(Product_02_Area1!E105+Product_02_Area2!E105+Product_02_Area3!E105)/3 -> 14.99 | F105: =Product_02_Area1!H105+Product_02_Area2!H105+Product_02_Area3!H105 -> 36485.66 | G105: =(Product_02_Area1!I105+Product_02_Area2!I105+Product_02_Area3!I105)/3 -> 112.83333 | H105: =(Product_02_Area1!J105+Product_02_Area2!J105+Product_02_Area3!J105)/3 -> 14.55

Sheet Product_03_Area1
A1: Year | B1: Week | C1: Calendar Week | D1: Sales (units) | E1: Price (€) | F1: Promotion Type | G1: Promotion Discount % | H1: Sell-Out (€) | I1: Trend Index | J1: Competitor Price (€)
A2: 1 | B2: 1 | C2: CW 1 | D2: 696 | E2: 49.99 | F2: Drive-in | G2: 0 | H2: 34793.04 | I2: 98.8 | J2: 46.93
A3: 1 | B3: 2 | C3: CW 2 | D3: 554 | E3: 49.99 | F3: None | G3: 0 | H3: 27694.46 | I3: 99.4 | J3: 52.03
A4: 1 | B4: 3 | C4: CW 3 | D4: 733 | E4: 49.99 | F4: Drive-in | G4: 0 | H4: 36642.67 | I4: 97.5 | J4: 55.68
A5: 1 | B5: 4 | C5: CW 4 | D5: 578 | E5: 49.99 | F5: None | G5: 0 | H5: 28894.22 | I5: 98.7 | J5: 54.89
A6: 1 | B6: 5 | C6: CW 5 | D6: 911 | E6: 49.99 | F6: Drive-in | G6: 0 | H6: 45540.89 | I6: 99.3 | J6: 54.86
A7: 1 | B7: 6 | C7: CW 6 | D7: 624 | E7: 49.99 | F7: None | G7: 0 | H7: 31193.76 | I7: 94.9 | J7: 43.17
A8: 1 | B8: 7 | C8: CW 7 | D8: 623 | E8: 49.99 | F8: None | G8: 0 | H8: 31143.77 | I8: 101.6 | J8: 48.37
A9: 1 | B9: 8 | C9: CW 8 | D9: 897 | E9: 44.99 | F9: Price Discount 10% | G9: 0.1 | H9: 40356.93 | I9: 104.3 | J9: 51.35
A10: 1 | B10: 9 | C10: CW 9 | D10: 782 | E10: 47.49 | F10: Bundle | G10: 0.05 | H10: 37137.57 | I10: 100.7 | J10: 53.34
A11: 1 | B11: 10 | C11: CW 10 | D11: 768 | E11: 47.49 | F11: Bundle | G11: 0.05 | H11: 36472.7 | I11: 100 | J11: 42.64
A12: 1 | B12: 11 | C12: CW 11 | D12: 655 | E12: 49.99 | F12: None | G12: 0 | H12: 32743.45 | I12: 103.3 | J12: 43.27
A13: 1 | B13: 12 | C13: CW 12 | D13: 610 | E13: 49.99 | F13: None | G13: 0 | H13: 30493.9 | I13: 100.3 | J13: 53.47
... A105: 2 | B105: 52 | C105: CW 52 | D105: 530 | E105: 49.99 | F105: None | G105: 0 | H105: 26494.7 | I105: 111.1 | J105: 44.99

Sheet Product_03_Area2
A1: Year | B1: Week | C1: Calendar Week | D1: Sales (units) | E1: Price (€) | F1: Promotion Type | G1: Promotion Discount % | H1: Sell-Out (€) | I1: Trend Index | J1: Competitor Price (€)
A2: 1 | B2: 1 | C2: CW 1 | D2: 414 | E2: 49.99 | F2: None | G2: 0 | H2: 20695.86 | I2: 100.8 | J2: 53.87
A3: 1 | B3: 2 | C3: CW 2 | D3: 639 | E3: 39.99 | F3: Price Discount 20% | G3: 0.2 | H3: 25554.89 | I3: 103.6 | J3: 55.83
A4: 1 | B4: 3 | C4: CW 3 | D4: 475 | E4: 49.99 | F4: None | G4: 0 | H4: 23745.25 | I4: 104.1 | J4: 44.84
A5: 1 | B5: 4 | C5: CW 4 | D5: 561 | E5: 47.49 | F5: Bundle | G5: 0.05 | H5: 26642.17 | I5: 104.1 | J5: 46.55
A6: 1 | B6: 5 | C6: CW 5 | D6: 412 | E6: 49.99 | F6: None | G6: 0 | H6: 20595.88 | I6: 99.3 | J6: 46.11
A7: 1 | B7: 6 | C7: CW 6 | D7: 524 | E7: 47.49 | F7: Bundle | G7: 0.05 | H7: 24885.02 | I7: 100 | J7: 56.11
A8: 1 | B8: 7 | C8: CW 7 | D8: 455 | E8: 49.99 | F8: None | G8: 0 | H8: 22745.45 | I8: 98.1 | J8: 43.65
A9: 1 | B9: 8 | C9: CW 8 | D9: 524 | E9: 49.99 | F9: None | G9: 0 | H9: 26194.76 | I9: 99.1 | J9: 54.82
A10: 1 | B10: 9 | C10: CW 9 | D10: 513 | E10: 49.99 | F10: None | G10: 0 | H10: 25644.87 | I10: 103.3 | J10: 46.57
A11: 1 | B11: 10 | C11: CW 10 | D11: 514 | E11: 49.99 | F11: None | G11: 0 | H11: 25694.86 | I11: 99 | J11: 56.57
A12: 1 | B12: 11 | C12: CW 11 | D12: 644 | E12: 47.49 | F12: Bundle | G12: 0.05 | H12: 30583.88 | I12: 98.5 | J12: 46.53
A13: 1 | B13: 12 | C13: CW 12 | D13: 537 | E13: 44.99 | F13: Price Discount 10% | G13: 0.1 | H13: 24160.17 | I13: 102.6 | J13: 45.77
... A105: 2 | B105: 52 | C105: CW 52 | D105: 450 | E105: 49.99 | F105: None | G105: 0 | H105: 22495.5 | I105: 112.7 | J105: 56.49

Sheet Product_03_Area3
A1: Year | B1: Week | C1: Calendar Week | D1: Sales (units) | E1: Price (€) | F1: Promotion Type | G1: Promotion Discount % | H1: Sell-Out (€) | I1: Trend Index | J1: Competitor Price (€)
A2: 1 | B2: 1 | C2: CW 1 | D2: 639 | E2: 49.99 | F2: None | G2: 0 | H2: 31943.61 | I2: 97 | J2: 48.84
A3: 1 | B3: 2 | C3: CW 2 | D3: 685 | E3: 49.99 | F3: None | G3: 0 | H3: 34243.15 | I3: 98.8 | J3: 44.66
A4: 1 | B4: 3 | C4: CW 3 | D4: 1018 | E4: 49.99 | F4: BOGO | G4: 0 | H4: 50889.82 | I4: 97.4 | J4: 57.33
A5: 1 | B5: 4 | C5: CW 4 | D5: 704 | E5: 49.99 | F5: None | G5: 0 | H5: 35192.96 | I5: 98.3 | J5: 52.82
A6: 1 | B6: 5 | C6: CW 5 | D6: 860 | E6: 44.99 | F6: Price Discount 10% | G6: 0.1 | H6: 38692.26 | I6: 101.1 | J6: 43.64
A7: 1 | B7: 6 | C7: CW 6 | D7: 745 | E7: 49.99 | F7: None | G7: 0 | H7: 37242.55 | I7: 101 | J7: 44.87
A8: 1 | B8: 7 | C8: CW 7 | D8: 1002 | E8: 49.99 | F8: Drive-in | G8: 0 | H8: 50089.98 | I8: 101 | J8: 44.83
A9: 1 | B9: 8 | C9: CW 8 | D9: 823 | E9: 49.99 | F9: None | G9: 0 | H9: 41141.77 | I9: 100.1 | J9: 56.18
A10: 1 | B10: 9 | C10: CW 9 | D10: 764 | E10: 49.99 | F10: None | G10: 0 | H10: 38192.36 | I10: 98.5 | J10: 44.59
A11: 1 | B11: 10 | C11: CW 10 | D11: 837 | E11: 49.99 | F11: None | G11: 0 | H11: 41841.63 | I11: 104.2 | J11: 54.21
A12: 1 | B12: 11 | C12: CW 11 | D12: 1096 | E12: 49.99 | F12: BOGO | G12: 0 | H12: 54789.04 | I12: 99.6 | J12: 42.74
A13: 1 | B13: 12 | C13: CW 12 | D13: 793 | E13: 49.99 | F13: None | G13: 0 | H13: 39642.07 | I13: 100.4 | J13: 48.8
... A105: 2 | B105: 52 | C105: CW 52 | D105: 627 | E105: 49.99 | F105: None | G105: 0 | H105: 31343.73 | I105: 111.4 | J105: 49.69

Sheet Product_03_all
A1: Year | B1: Week | C1: Calendar Week | D1: Sales (units) | E1: Avg Price (€) | F1: Sell-Out (€) | G1: Avg Trend Index | H1: Avg Competitor Price (€)
A2: 1 | B2: 1 | C2: CW 1 | D2: =Product_03_Area1!D2+Product_03_Area2!D2+Product_03_Area3!D2 -> 1749 | E2: =(Product_03_Area1!E2+Product_03_Area2!E2+Product_03_Area3!E2)/3 -> 49.99 | F2: =Product_03_Area1!H2+Product_03_Area2!H2+Product_03_Area3!H2 -> 87432.51 | G2: =(Product_03_Area1!I2+Product_03_Area2!I2+Product_03_Area3!I2)/3 -> 98.866667 | H2: =(Product_03_Area1!J2+Product_03_Area2!J2+Product_03_Area3!J2)/3 -> 49.88
A3: 1 | B3: 2 | C3: CW 2 | D3: =Product_03_Area1!D3+Product_03_Area2!D3+Product_03_Area3!D3 -> 1878 | E3: =(Product_03_Area1!E3+Product_03_Area2!E3+Product_03_Area3!E3)/3 -> 46.656667 | F3: =Product_03_Area1!H3+Product_03_Area2!H3+Product_03_Area3!H3 -> 87492.5 | G3: =(Product_03_Area1!I3+Product_03_Area2!I3+Product_03_Area3!I3)/3 -> 100.6 | H3: =(Product_03_Area1!J3+Product_03_Area2!J3+Product_03_Area3!J3)/3 -> 50.84
A4: 1 | B4: 3 | C4: CW 3 | D4: =Product_03_Area1!D4+Product_03_Area2!D4+Product_03_Area3!D4 -> 2226 | E4: =(Product_03_Area1!E4+Product_03_Area2!E4+Product_03_Area3!E4)/3 -> 49.99 | F4: =Product_03_Area1!H4+Product_03_Area2!H4+Product_03_Area3!H4 -> 111277.74 | G4: =(Product_03_Area1!I4+Product_03_Area2!I4+Product_03_Area3!I4)/3 -> 99.666667 | H4: =(Product_03_Area1!J4+Product_03_Area2!J4+Product_03_Area3!J4)/3 -> 52.616667
A5: 1 | B5: 4 | C5: CW 4 | D5: =Product_03_Area1!D5+Product_03_Area2!D5+Product_03_Area3!D5 -> 1843 | E5: =(Product_03_Area1!E5+Product_03_Area2!E5+Product_03_Area3!E5)/3 -> 49.156667 | F5: =Product_03_Area1!H5+Product_03_Area2!H5+Product_03_Area3!H5 -> 90729.35 | G5: =(Product_03_Area1!I5+Product_03_Area2!I5+Product_03_Area3!I5)/3 -> 100.36667 | H5: =(Product_03_Area1!J5+Product_03_Area2!J5+Product_03_Area3!J5)/3 -> 51.42
A6: 1 | B6: 5 | C6: CW 5 | D6: =Product_03_Area1!D6+Product_03_Area2!D6+Product_03_Area3!D6 -> 2183 | E6: =(Product_03_Area1!E6+Product_03_Area2!E6+Product_03_Area3!E6)/3 -> 48.323333 | F6: =Product_03_Area1!H6+Product_03_Area2!H6+Product_03_Area3!H6 -> 104829.03 | G6: =(Product_03_Area1!I6+Product_03_Area2!I6+Product_03_Area3!I6)/3 -> 99.9 | H6: =(Product_03_Area1!J6+Product_03_Area2!J6+Product_03_Area3!J6)/3 -> 48.203333
A7: 1 | B7: 6 | C7: CW 6 | D7: =Product_03_Area1!D7+Product_03_Area2!D7+Product_03_Area3!D7 -> 1893 | E7: =(Product_03_Area1!E7+Product_03_Area2!E7+Product_03_Area3!E7)/3 -> 49.156667 | F7: =Product_03_Area1!H7+Product_03_Area2!H7+Product_03_Area3!H7 -> 93321.33 | G7: =(Product_03_Area1!I7+Product_03_Area2!I7+Product_03_Area3!I7)/3 -> 98.633333 | H7: =(Product_03_Area1!J7+Product_03_Area2!J7+Product_03_Area3!J7)/3 -> 48.05
A8: 1 | B8: 7 | C8: CW 7 | D8: =Product_03_Area1!D8+Product_03_Area2!D8+Product_03_Area3!D8 -> 2080 | E8: =(Product_03_Area1!E8+Product_03_Area2!E8+Product_03_Area3!E8)/3 -> 49.99 | F8: =Product_03_Area1!H8+Product_03_Area2!H8+Product_03_Area3!H8 -> 103979.2 | G8: =(Product_03_Area1!I8+Product_03_Area2!I8+Product_03_Area3!I8)/3 -> 100.23333 | H8: =(Product_03_Area1!J8+Product_03_Area2!J8+Product_03_Area3!J8)/3 -> 45.616667
A9: 1 | B9: 8 | C9: CW 8 | D9: =Product_03_Area1!D9+Product_03_Area2!D9+Product_03_Area3!D9 -> 2244 | E9: =(Product_03_Area1!E9+Product_03_Area2!E9+Product_03_Area3!E9)/3 -> 48.323333 | F9: =Product_03_Area1!H9+Product_03_Area2!H9+Product_03_Area3!H9 -> 107693.46 | G9: =(Product_03_Area1!I9+Product_03_Area2!I9+Product_03_Area3!I9)/3 -> 101.16667 | H9: =(Product_03_Area1!J9+Product_03_Area2!J9+Product_03_Area3!J9)/3 -> 54.116667
A10: 1 | B10: 9 | C10: CW 9 | D10: =Product_03_Area1!D10+Product_03_Area2!D10+Product_03_Area3!D10 -> 2059 | E10: =(Product_03_Area1!E10+Product_03_Area2!E10+Product_03_Area3!E10)/3 -> 49.156667 | F10: =Product_03_Area1!H10+Product_03_Area2!H10+Product_03_Area3!H10 -> 100974.8 | G10: =(Product_03_Area1!I10+Product_03_Area2!I10+Product_03_Area3!I10)/3 -> 100.83333 | H10: =(Product_03_Area1!J10+Product_03_Area2!J10+Product_03_Area3!J10)/3 -> 48.166667
A11: 1 | B11: 10 | C11: CW 10 | D11: =Product_03_Area1!D11+Product_03_Area2!D11+Product_03_Area3!D11 -> 2119 | E11: =(Product_03_Area1!E11+Product_03_Area2!E11+Product_03_Area3!E11)/3 -> 49.156667 | F11: =Product_03_Area1!H11+Product_03_Area2!H11+Product_03_Area3!H11 -> 104009.19 | G11: =(Product_03_Area1!I11+Product_03_Area2!I11+Product_03_Area3!I11)/3 -> 101.06667 | H11: =(Product_03_Area1!J11+Product_03_Area2!J11+Product_03_Area3!J11)/3 -> 51.14
A12: 1 | B12: 11 | C12: CW 11 | D12: =Product_03_Area1!D12+Product_03_Area2!D12+Product_03_Area3!D12 -> 2395 | E12: =(Product_03_Area1!E12+Product_03_Area2!E12+Product_03_Area3!E12)/3 -> 49.156667 | F12: =Product_03_Area1!H12+Product_03_Area2!H12+Product_03_Area3!H12 -> 118116.37 | G12: =(Product_03_Area1!I12+Product_03_Area2!I12+Product_03_Area3!I12)/3 -> 100.46667 | H12: =(Product_03_Area1!J12+Product_03_Area2!J12+Product_03_Area3!J12)/3 -> 44.18
A13: 1 | B13: 12 | C13: CW 12 | D13: =Product_03_Area1!D13+Product_03_Area2!D13+Product_03_Area3!D13 -> 1940 | E13: =(Product_03_Area1!E13+Product_03_Area2!E13+Product_03_Area3!E13)/3 -> 48.323333 | F13: =Product_03_Area1!H13+Product_03_Area2!H13+Product_03_Area3!H13 -> 94296.14 | G13: =(Product_03_Area1!I13+Product_03_Area2!I13+Product_03_Area3!I13)/3 -> 101.1 | H13: =(Product_03_Area1!J13+Product_03_Area2!J13+Product_03_Area3!J13)/3 -> 49.346667
... A105: 2 | B105: 52 | C105: CW 52 | D105: =Product_03_Area1!D105+Product_03_Area2!D105+Product_03_Area3!D105 -> 1607 | E105: =(Product_03_Area1!E105+Product_03_Area2!E105+Product_03_Area3!E105)/3 -> 49.99 | F105: =Product_03_Area1!H105+Product_03_Area2!H105+Product_03_Area3!H105 -> 80333.93 | G105: =(Product_03_Area1!I105+Product_03_Area2!I105+Product_03_Area3!I105)/3 -> 111.73333 | H105: =(Product_03_Area1!J105+Product_03_Area2!J105+Product_03_Area3!J105)/3 -> 50.39

Sheet Product_04_Area1
A1: Year | B1: Week | C1: Calendar Week | D1: Sales (units) | E1: Price (€) | F1: Promotion Type | G1: Promotion Discount % | H1: Sell-Out (€) | I1: Trend Index | J1: Competitor Price (€)
A2: 1 | B2: 1 | C2: CW 1 | D2: 2973 | E2: 9.99 | F2: None | G2: 0 | H2: 29700.27 | I2: 99.8 | J2: 11.45
A3: 1 | B3: 2 | C3: CW 2 | D3: 3038 | E3: 9.99 | F3: None | G3: 0 | H3: 30349.62 | I3: 98.6 | J3: 9.68
A4: 1 | B4: 3 | C4: CW 3 | D4: 2292 | E4: 9.99 | F4: None | G4: 0 | H4: 22897.08 | I4: 95.8 | J4: 10.68
A5: 1 | B5: 4 | C5: CW 4 | D5: 2426 | E5: 9.99 | F5: None | G5: 0 | H5: 24235.74 | I5: 99.9 | J5: 9.03
A6: 1 | B6: 5 | C6: CW 5 | D6: 2129 | E6: 9.99 | F6: None | G6: 0 | H6: 21268.71 | I6: 101 | J6: 8.82
A7: 1 | B7: 6 | C7: CW 6 | D7: 2415 | E7: 9.99 | F7: None | G7: 0 | H7: 24125.85 | I7: 99.9 | J7: 8.98
A8: 1 | B8: 7 | C8: CW 7 | D8: 2243 | E8: 9.99 | F8: None | G8: 0 | H8: 22407.57 | I8: 100.4 | J8: 10.35
A9: 1 | B9: 8 | C9: CW 8 | D9: 2163 | E9: 9.99 | F9: None | G9: 0 | H9: 21608.37 | I9: 99 | J9: 8.62
A10: 1 | B10: 9 | C10: CW 9 | D10: 1936 | E10: 9.99 | F10: None | G10: 0 | H10: 19340.64 | I10: 99.5 | J10: 8.84
A11: 1 | B11: 10 | C11: CW 10 | D11: 2621 | E11: 9.99 | F11: BOGO | G11: 0 | H11: 26183.79 | I11: 99.5 | J11: 10.08
A12: 1 | B12: 11 | C12: CW 11 | D12: 2040 | E12: 9.99 | F12: None | G12: 0 | H12: 20379.6 | I12: 103.1 | J12: 8.94
A13: 1 | B13: 12 | C13: CW 12 | D13: 1755 | E13: 9.99 | F13: None | G13: 0 | H13: 17532.45 | I13: 103.6 | J13: 9.61
... A105: 2 | B105: 52 | C105: CW 52 | D105: 3331 | E105: 9.99 | F105: None | G105: 0 | H105: 33276.69 | I105: 111.1 | J105: 11.22

Sheet Product_04_Area2
A1: Year | B1: Week | C1: Calendar Week | D1: Sales (units) | E1: Price (€) | F1: Promotion Type | G1: Promotion Discount % | H1: Sell-Out (€) | I1: Trend Index | J1: Competitor Price (€)
A2: 1 | B2: 1 | C2: CW 1 | D2: 2494 | E2: 9.99 | F2: None | G2: 0 | H2: 24915.06 | I2: 101.5 | J2: 9.33
A3: 1 | B3: 2 | C3: CW 2 | D3: 2940 | E3: 7.99 | F3: Price Discount 20% | G3: 0.2 | H3: 23496.48 | I3: 101.3 | J3: 10.69
A4: 1 | B4: 3 | C4: CW 3 | D4: 2042 | E4: 9.99 | F4: None | G4: 0 | H4: 20399.58 | I4: 101.1 | J4: 9.19
A5: 1 | B5: 4 | C5: CW 4 | D5: 1984 | E5: 9.99 | F5: None | G5: 0 | H5: 19820.16 | I5: 98.4 | J5: 9.22
A6: 1 | B6: 5 | C6: CW 5 | D6: 2482 | E6: 7.99 | F6: Price Discount 20% | G6: 0.2 | H6: 19836.14 | I6: 100.9 | J6: 10.62
A7: 1 | B7: 6 | C7: CW 6 | D7: 1693 | E7: 9.99 | F7: None | G7: 0 | H7: 16913.07 | I7: 102.3 | J7: 11.24
A8: 1 | B8: 7 | C8: CW 7 | D8: 1632 | E8: 9.99 | F8: None | G8: 0 | H8: 16303.68 | I8: 100.3 | J8: 10.74
A9: 1 | B9: 8 | C9: CW 8 | D9: 1445 | E9: 9.99 | F9: None | G9: 0 | H9: 14435.55 | I9: 102.5 | J9: 8.73
A10: 1 | B10: 9 | C10: CW 9 | D10: 1536 | E10: 9.99 | F10: None | G10: 0 | H10: 15344.64 | I10: 104.4 | J10: 10.55
A11: 1 | B11: 10 | C11: CW 10 | D11: 2012 | E11: 7.99 | F11: Price Discount 20% | G11: 0.2 | H11: 16079.9 | I11: 101.6 | J11: 10.81
A12: 1 | B12: 11 | C12: CW 11 | D12: 1358 | E12: 9.99 | F12: None | G12: 0 | H12: 13566.42 | I12: 101.1 | J12: 10.09
A13: 1 | B13: 12 | C13: CW 12 | D13: 1568 | E13: 9.99 | F13: Drive-in | G13: 0 | H13: 15664.32 | I13: 102.7 | J13: 9.33
... A105: 2 | B105: 52 | C105: CW 52 | D105: 2198 | E105: 9.99 | F105: None | G105: 0 | H105: 21958.02 | I105: 114.8 | J105: 9.5

Sheet Product_04_Area3
A1: Year | B1: Week | C1: Calendar Week | D1: Sales (units) | E1: Price (€) | F1: Promotion Type | G1: Promotion Discount % | H1: Sell-Out (€) | I1: Trend Index | J1: Competitor Price (€)
A2: 1 | B2: 1 | C2: CW 1 | D2: 3439 | E2: 9.99 | F2: None | G2: 0 | H2: 34355.61 | I2: 98.9 | J2: 8.52
A3: 1 | B3: 2 | C3: CW 2 | D3: 2890 | E3: 9.99 | F3: None | G3: 0 | H3: 28871.1 | I3: 97.2 | J3: 8.6
A4: 1 | B4: 3 | C4: CW 3 | D4: 3007 | E4: 9.99 | F4: None | G4: 0 | H4: 30039.93 | I4: 95.2 | J4: 10.39
A5: 1 | B5: 4 | C5: CW 4 | D5: 4602 | E5: 9.99 | F5: BOGO | G5: 0 | H5: 45973.98 | I5: 98.7 | J5: 11.42
A6: 1 | B6: 5 | C6: CW 5 | D6: 2635 | E6: 9.99 | F6: None | G6: 0 | H6: 26323.65 | I6: 100.1 | J6: 9.95
A7: 1 | B7: 6 | C7: CW 6 | D7: 2673 | E7: 9.99 | F7: None | G7: 0 | H7: 26703.27 | I7: 104.6 | J7: 9.14
A8: 1 | B8: 7 | C8: CW 7 | D8: 2787 | E8: 9.99 | F8: None | G8: 0 | H8: 27842.13 | I8: 102.2 | J8: 11.48
A9: 1 | B9: 8 | C9: CW 8 | D9: 2211 | E9: 9.99 | F9: None | G9: 0 | H9: 22087.89 | I9: 99.2 | J9: 9.22
A10: 1 | B10: 9 | C10: CW 9 | D10: 2411 | E10: 8.99 | F10: Price Discount 10% | G10: 0.1 | H10: 21677.3 | I10: 99.1 | J10: 9.21
A11: 1 | B11: 10 | C11: CW 10 | D11: 2604 | E11: 9.99 | F11: None | G11: 0 | H11: 26013.96 | I11: 104.1 | J11: 11.04
A12: 1 | B12: 11 | C12: CW 11 | D12: 2445 | E12: 9.99 | F12: None | G12: 0 | H12: 24425.55 | I12: 101.9 | J12: 10.45
A13: 1 | B13: 12 | C13: CW 12 | D13: 1844 | E13: 9.99 | F13: None | G13: 0 | H13: 18421.56 | I13: 102.7 | J13: 9.96
... A105: 2 | B105: 52 | C105: CW 52 | D105: 3769 | E105: 9.99 | F105: None | G105: 0 | H105: 37652.31 | I105: 114.3 | J105: 8.89

Sheet Product_04_all
A1: Year | B1: Week | C1: Calendar Week | D1: Sales (units) | E1: Avg Price (€) | F1: Sell-Out (€) | G1: Avg Trend Index | H1: Avg Competitor Price (€)
A2: 1 | B2: 1 | C2: CW 1 | D2: =Product_04_Area1!D2+Product_04_Area2!D2+Product_04_Area3!D2 -> 8906 | E2: =(Product_04_Area1!E2+Product_04_Area2!E2+Product_04_Area3!E2)/3 -> 9.99 | F2: =Product_04_Area1!H2+Product_04_Area2!H2+Product_04_Area3!H2 -> 88970.94 | G2: =(Product_04_Area1!I2+Product_04_Area2!I2+Product_04_Area3!I2)/3 -> 100.06667 | H2: =(Product_04_Area1!J2+Product_04_Area2!J2+Product_04_Area3!J2)/3 -> 9.7666667
A3: 1 | B3: 2 | C3: CW 2 | D3: =Product_04_Area1!D3+Product_04_Area2!D3+Product_04_Area3!D3 -> 8868 | E3: =(Product_04_Area1!E3+Product_04_Area2!E3+Product_04_Area3!E3)/3 -> 9.3233333 | F3: =Product_04_Area1!H3+Product_04_Area2!H3+Product_04_Area3!H3 -> 82717.2 | G3: =(Product_04_Area1!I3+Product_04_Area2!I3+Product_04_Area3!I3)/3 -> 99.033333 | H3: =(Product_04_Area1!J3+Product_04_Area2!J3+Product_04_Area3!J3)/3 -> 9.6566667
A4: 1 | B4: 3 | C4: CW 3 | D4: =Product_04_Area1!D4+Product_04_Area2!D4+Product_04_Area3!D4 -> 7341 | E4: =(Product_04_Area1!E4+Product_04_Area2!E4+Product_04_Area3!E4)/3 -> 9.99 | F4: =Product_04_Area1!H4+Product_04_Area2!H4+Product_04_Area3!H4 -> 73336.59 | G4: =(Product_04_Area1!I4+Product_04_Area2!I4+Product_04_Area3!I4)/3 -> 97.366667 | H4: =(Product_04_Area1!J4+Product_04_Area2!J4+Product_04_Area3!J4)/3 -> 10.086667
A5: 1 | B5: 4 | C5: CW 4 | D5: =Product_04_Area1!D5+Product_04_Area2!D5+Product_04_Area3!D5 -> 9012 | E5: =(Product_04_Area1!E5+Product_04_Area2!E5+Product_04_Area3!E5)/3 -> 9.99 | F5: =Product_04_Area1!H5+Product_04_Area2!H5+Product_04_Area3!H5 -> 90029.88 | G5: =(Product_04_Area1!I5+Product_04_Area2!I5+Product_04_Area3!I5)/3 -> 99 | H5: =(Product_04_Area1!J5+Product_04_Area2!J5+Product_04_Area3!J5)/3 -> 9.89
A6: 1 | B6: 5 | C6: CW 5 | D6: =Product_04_Area1!D6+Product_04_Area2!D6+Product_04_Area3!D6 -> 7246 | E6: =(Product_04_Area1!E6+Product_04_Area2!E6+Product_04_Area3!E6)/3 -> 9.3233333 | F6: =Product_04_Area1!H6+Product_04_Area2!H6+Product_04_Area3!H6 -> 67428.5 | G6: =(Product_04_Area1!I6+Product_04_Area2!I6+Product_04_Area3!I6)/3 -> 100.66667 | H6: =(Product_04_Area1!J6+Product_04_Area2!J6+Product_04_Area3!J6)/3 -> 9.7966667
A7: 1 | B7: 6 | C7: CW 6 | D7: =Product_04_Area1!D7+Product_04_Area2!D7+Product_04_Area3!D7 -> 6781 | E7: =(Product_04_Area1!E7+Product_04_Area2!E7+Product_04_Area3!E7)/3 -> 9.99 | F7: =Product_04_Area1!H7+Product_04_Area2!H7+Product_04_Area3!H7 -> 67742.19 | G7: =(Product_04_Area1!I7+Product_04_Area2!I7+Product_04_Area3!I7)/3 -> 102.26667 | H7: =(Product_04_Area1!J7+Product_04_Area2!J7+Product_04_Area3!J7)/3 -> 9.7866667
A8: 1 | B8: 7 | C8: CW 7 | D8: =Product_04_Area1!D8+Product_04_Area2!D8+Product_04_Area3!D8 -> 6662 | E8: =(Product_04_Area1!E8+Product_04_Area2!E8+Product_04_Area3!E8)/3 -> 9.99 | F8: =Product_04_Area1!H8+Product_04_Area2!H8+Product_04_Area3!H8 -> 66553.38 | G8: =(Product_04_Area1!I8+Product_04_Area2!I8+Product_04_Area3!I8)/3 -> 100.96667 | H8: =(Product_04_Area1!J8+Product_04_Area2!J8+Product_04_Area3!J8)/3 -> 10.856667
A9: 1 | B9: 8 | C9: CW 8 | D9: =Product_04_Area1!D9+Product_04_Area2!D9+Product_04_Area3!D9 -> 5819 | E9: =(Product_04_Area1!E9+Product_04_Area2!E9+Product_04_Area3!E9)/3 -> 9.99 | F9: =Product_04_Area1!H9+Product_04_Area2!H9+Product_04_Area3!H9 -> 58131.81 | G9: =(Product_04_Area1!I9+Product_04_Area2!I9+Product_04_Area3!I9)/3 -> 100.23333 | H9: =(Product_04_Area1!J9+Product_04_Area2!J9+Product_04_Area3!J9)/3 -> 8.8566667
A10: 1 | B10: 9 | C10: CW 9 | D10: =Product_04_Area1!D10+Product_04_Area2!D10+Product_04_Area3!D10 -> 5883 | E10: =(Product_04_Area1!E10+Product_04_Area2!E10+Product_04_Area3!E10)/3 -> 9.6566667 | F10: =Product_04_Area1!H10+Product_04_Area2!H10+Product_04_Area3!H10 -> 56362.58 | G10: =(Product_04_Area1!I10+Product_04_Area2!I10+Product_04_Area3!I10)/3 -> 101 | H10: =(Product_04_Area1!J10+Product_04_Area2!J10+Product_04_Area3!J10)/3 -> 9.5333333
A11: 1 | B11: 10 | C11: CW 10 | D11: =Product_04_Area1!D11+Product_04_Area2!D11+Product_04_Area3!D11 -> 7237 | E11: =(Product_04_Area1!E11+Product_04_Area2!E11+Product_04_Area3!E11)/3 -> 9.3233333 | F11: =Product_04_Area1!H11+Product_04_Area2!H11+Product_04_Area3!H11 -> 68277.65 | G11: =(Product_04_Area1!I11+Product_04_Area2!I11+Product_04_Area3!I11)/3 -> 101.73333 | H11: =(Product_04_Area1!J11+Product_04_Area2!J11+Product_04_Area3!J11)/3 -> 10.643333
A12: 1 | B12: 11 | C12: CW 11 | D12: =Product_04_Area1!D12+Product_04_Area2!D12+Product_04_Area3!D12 -> 5843 | E12: =(Product_04_Area1!E12+Product_04_Area2!E12+Product_04_Area3!E12)/3 -> 9.99 | F12: =Product_04_Area1!H12+Product_04_Area2!H12+Product_04_Area3!H12 -> 58371.57 | G12: =(Product_04_Area1!I12+Product_04_Area2!I12+Product_04_Area3!I12)/3 -> 102.03333 | H12: =(Product_04_Area1!J12+Product_04_Area2!J12+Product_04_Area3!J12)/3 -> 9.8266667
A13: 1 | B13: 12 | C13: CW 12 | D13: =Product_04_Area1!D13+Product_04_Area2!D13+Product_04_Area3!D13 -> 5167 | E13: =(Product_04_Area1!E13+Product_04_Area2!E13+Product_04_Area3!E13)/3 -> 9.99 | F13: =Product_04_Area1!H13+Product_04_Area2!H13+Product_04_Area3!H13 -> 51618.33 | G13: =(Product_04_Area1!I13+Product_04_Area2!I13+Product_04_Area3!I13)/3 -> 103 | H13: =(Product_04_Area1!J13+Product_04_Area2!J13+Product_04_Area3!J13)/3 -> 9.6333333
... A105: 2 | B105: 52 | C105: CW 52 | D105: =Product_04_Area1!D105+Product_04_Area2!D105+Product_04_Area3!D105 -> 9298 | E105: =(Product_04_Area1!E105+Product_04_Area2!E105+Product_04_Area3!E105)/3 -> 9.99 | F105: =Product_04_Area1!H105+Product_04_Area2!H105+Product_04_Area3!H105 -> 92887.02 | G105: =(Product_04_Area1!I105+Product_04_Area2!I105+Product_04_Area3!I105)/3 -> 113.4 | H105: =(Product_04_Area1!J105+Product_04_Area2!J105+Product_04_Area3!J105)/3 -> 9.87

Sheet Product_05_Area1
A1: Year | B1: Week | C1: Calendar Week | D1: Sales (units) | E1: Price (€) | F1: Promotion Type | G1: Promotion Discount % | H1: Sell-Out (€) | I1: Trend Index | J1: Competitor Price (€)
A2: 1 | B2: 1 | C2: CW 1 | D2: 380 | E2: 89.99 | F2: None | G2: 0 | H2: 34196.2 | I2: 99 | J2: 79.9
A3: 1 | B3: 2 | C3: CW 2 | D3: 399 | E3: 89.99 | F3: None | G3: 0 | H3: 35906.01 | I3: 101 | J3: 99.67
A4: 1 | B4: 3 | C4: CW 3 | D4: 418 | E4: 89.99 | F4: None | G4: 0 | H4: 37615.82 | I4: 100.6 | J4: 81.46
A5: 1 | B5: 4 | C5: CW 4 | D5: 455 | E5: 89.99 | F5: None | G5: 0 | H5: 40945.45 | I5: 104.2 | J5: 97.59
A6: 1 | B6: 5 | C6: CW 5 | D6: 409 | E6: 89.99 | F6: None | G6: 0 | H6: 36805.91 | I6: 102.3 | J6: 78.01
A7: 1 | B7: 6 | C7: CW 6 | D7: 398 | E7: 89.99 | F7: None | G7: 0 | H7: 35816.02 | I7: 102 | J7: 84.22
A8: 1 | B8: 7 | C8: CW 7 | D8: 394 | E8: 89.99 | F8: None | G8: 0 | H8: 35456.06 | I8: 98.1 | J8: 102.35
A9: 1 | B9: 8 | C9: CW 8 | D9: 480 | E9: 71.99 | F9: Price Discount 20% | G9: 0.2 | H9: 34556.16 | I9: 101.1 | J9: 80.99
A10: 1 | B10: 9 | C10: CW 9 | D10: 359 | E10: 89.99 | F10: None | G10: 0 | H10: 32306.41 | I10: 99.4 | J10: 82.85
A11: 1 | B11: 10 | C11: CW 10 | D11: 475 | E11: 71.99 | F11: Price Discount 20% | G11: 0.2 | H11: 34196.2 | I11: 102.9 | J11: 82.21
A12: 1 | B12: 11 | C12: CW 11 | D12: 322 | E12: 89.99 | F12: None | G12: 0 | H12: 28976.78 | I12: 102.2 | J12: 90.01
A13: 1 | B13: 12 | C13: CW 12 | D13: 491 | E13: 89.99 | F13: BOGO | G13: 0 | H13: 44185.09 | I13: 99 | J13: 80.72
... A105: 2 | B105: 52 | C105: CW 52 | D105: 489 | E105: 89.99 | F105: None | G105: 0 | H105: 44005.11 | I105: 111.4 | J105: 91.26

Sheet Product_05_Area2
A1: Year | B1: Week | C1: Calendar Week | D1: Sales (units) | E1: Price (€) | F1: Promotion Type | G1: Promotion Discount % | H1: Sell-Out (€) | I1: Trend Index | J1: Competitor Price (€)
A2: 1 | B2: 1 | C2: CW 1 | D2: 285 | E2: 89.99 | F2: None | G2: 0 | H2: 25647.15 | I2: 94 | J2: 77.52
A3: 1 | B3: 2 | C3: CW 2 | D3: 405 | E3: 80.99 | F3: Price Discount 10% | G3: 0.1 | H3: 32801.36 | I3: 100.7 | J3: 81.95
A4: 1 | B4: 3 | C4: CW 3 | D4: 289 | E4: 89.99 | F4: None | G4: 0 | H4: 26007.11 | I4: 99.8 | J4: 99.09
A5: 1 | B5: 4 | C5: CW 4 | D5: 326 | E5: 89.99 | F5: None | G5: 0 | H5: 29336.74 | I5: 101 | J5: 96.13
A6: 1 | B6: 5 | C6: CW 5 | D6: 277 | E6: 89.99 | F6: None | G6: 0 | H6: 24927.23 | I6: 101 | J6: 94.5
A7: 1 | B7: 6 | C7: CW 6 | D7: 387 | E7: 71.99 | F7: Price Discount 20% | G7: 0.2 | H7: 27860.9 | I7: 101.3 | J7: 81.76
A8: 1 | B8: 7 | C8: CW 7 | D8: 256 | E8: 89.99 | F8: None | G8: 0 | H8: 23037.44 | I8: 102.8 | J8: 93.73
A9: 1 | B9: 8 | C9: CW 8 | D9: 322 | E9: 80.99 | F9: Price Discount 10% | G9: 0.1 | H9: 26079.1 | I9: 99.6 | J9: 99.42
A10: 1 | B10: 9 | C10: CW 9 | D10: 299 | E10: 89.99 | F10: None | G10: 0 | H10: 26907.01 | I10: 97 | J10: 102.98
A11: 1 | B11: 10 | C11: CW 10 | D11: 262 | E11: 89.99 | F11: None | G11: 0 | H11: 23577.38 | I11: 100.1 | J11: 96.92
A12: 1 | B12: 11 | C12: CW 11 | D12: 293 | E12: 85.49 | F12: Bundle | G12: 0.05 | H12: 25048.72 | I12: 102.4 | J12: 81.17
A13: 1 | B13: 12 | C13: CW 12 | D13: 274 | E13: 89.99 | F13: None | G13: 0 | H13: 24657.26 | I13: 101.5 | J13: 94.85
... A105: 2 | B105: 52 | C105: CW 52 | D105: 482 | E105: 89.99 | F105: Drive-in | G105: 0 | H105: 43375.18 | I105: 111.8 | J105: 89.78

Sheet Product_05_Area3
A1: Year | B1: Week | C1: Calendar Week | D1: Sales (units) | E1: Price (€) | F1: Promotion Type | G1: Promotion Discount % | H1: Sell-Out (€) | I1: Trend Index | J1: Competitor Price (€)
A2: 1 | B2: 1 | C2: CW 1 | D2: 557 | E2: 89.99 | F2: None | G2: 0 | H2: 50124.43 | I2: 98.3 | J2: 89.2
A3: 1 | B3: 2 | C3: CW 2 | D3: 545 | E3: 89.99 | F3: None | G3: 0 | H3: 49044.55 | I3: 99.8 | J3: 84.64
A4: 1 | B4: 3 | C4: CW 3 | D4: 492 | E4: 89.99 | F4: None | G4: 0 | H4: 44275.08 | I4: 102.4 | J4: 96.71
A5: 1 | B5: 4 | C5: CW 4 | D5: 461 | E5: 89.99 | F5: None | G5: 0 | H5: 41485.39 | I5: 99.3 | J5: 83.29
A6: 1 | B6: 5 | C6: CW 5 | D6: 498 | E6: 89.99 | F6: None | G6: 0 | H6: 44815.02 | I6: 100.9 | J6: 90.89
A7: 1 | B7: 6 | C7: CW 6 | D7: 610 | E7: 85.49 | F7: Bundle | G7: 0.05 | H7: 52149.21 | I7: 97.3 | J7: 98.28
A8: 1 | B8: 7 | C8: CW 7 | D8: 437 | E8: 89.99 | F8: None | G8: 0 | H8: 39325.63 | I8: 98.8 | J8: 79.98
A9: 1 | B9: 8 | C9: CW 8 | D9: 620 | E9: 89.99 | F9: Drive-in | G9: 0 | H9: 55793.8 | I9: 102.4 | J9: 84.82
A10: 1 | B10: 9 | C10: CW 9 | D10: 439 | E10: 89.99 | F10: None | G10: 0 | H10: 39505.61 | I10: 101.8 | J10: 83.18
A11: 1 | B11: 10 | C11: CW 10 | D11: 422 | E11: 89.99 | F11: None | G11: 0 | H11: 37975.78 | I11: 99.5 | J11: 86.51
A12: 1 | B12: 11 | C12: CW 11 | D12: 410 | E12: 89.99 | F12: None | G12: 0 | H12: 36895.9 | I12: 104.9 | J12: 79.55
A13: 1 | B13: 12 | C13: CW 12 | D13: 316 | E13: 89.99 | F13: None | G13: 0 | H13: 28436.84 | I13: 100.6 | J13: 91.09
... A105: 2 | B105: 52 | C105: CW 52 | D105: 638 | E105: 89.99 | F105: None | G105: 0 | H105: 57413.62 | I105: 114.8 | J105: 102.3

Sheet Product_05_all
A1: Year | B1: Week | C1: Calendar Week | D1: Sales (units) | E1: Avg Price (€) | F1: Sell-Out (€) | G1: Avg Trend Index | H1: Avg Competitor Price (€)
A2: 1 | B2: 1 | C2: CW 1 | D2: =Product_05_Area1!D2+Product_05_Area2!D2+Product_05_Area3!D2 -> 1222 | E2: =(Product_05_Area1!E2+Product_05_Area2!E2+Product_05_Area3!E2)/3 -> 89.99 | F2: =Product_05_Area1!H2+Product_05_Area2!H2+Product_05_Area3!H2 -> 109967.78 | G2: =(Product_05_Area1!I2+Product_05_Area2!I2+Product_05_Area3!I2)/3 -> 97.1 | H2: =(Product_05_Area1!J2+Product_05_Area2!J2+Product_05_Area3!J2)/3 -> 82.206667
A3: 1 | B3: 2 | C3: CW 2 | D3: =Product_05_Area1!D3+Product_05_Area2!D3+Product_05_Area3!D3 -> 1349 | E3: =(Product_05_Area1!E3+Product_05_Area2!E3+Product_05_Area3!E3)/3 -> 86.99 | F3: =Product_05_Area1!H3+Product_05_Area2!H3+Product_05_Area3!H3 -> 117751.92 | G3: =(Product_05_Area1!I3+Product_05_Area2!I3+Product_05_Area3!I3)/3 -> 100.5 | H3: =(Product_05_Area1!J3+Product_05_Area2!J3+Product_05_Area3!J3)/3 -> 88.753333
A4: 1 | B4: 3 | C4: CW 3 | D4: =Product_05_Area1!D4+Product_05_Area2!D4+Product_05_Area3!D4 -> 1199 | E4: =(Product_05_Area1!E4+Product_05_Area2!E4+Product_05_Area3!E4)/3 -> 89.99 | F4: =Product_05_Area1!H4+Product_05_Area2!H4+Product_05_Area3!H4 -> 107898.01 | G4: =(Product_05_Area1!I4+Product_05_Area2!I4+Product_05_Area3!I4)/3 -> 100.93333 | H4: =(Product_05_Area1!J4+Product_05_Area2!J4+Product_05_Area3!J4)/3 -> 92.42
A5: 1 | B5: 4 | C5: CW 4 | D5: =Product_05_Area1!D5+Product_05_Area2!D5+Product_05_Area3!D5 -> 1242 | E5: =(Product_05_Area1!E5+Product_05_Area2!E5+Product_05_Area3!E5)/3 -> 89.99 | F5: =Product_05_Area1!H5+Product_05_Area2!H5+Product_05_Area3!H5 -> 111767.58 | G5: =(Product_05_Area1!I5+Product_05_Area2!I5+Product_05_Area3!I5)/3 -> 101.5 | H5: =(Product_05_Area1!J5+Product_05_Area2!J5+Product_05_Area3!J5)/3 -> 92.336667
A6: 1 | B6: 5 | C6: CW 5 | D6: =Product_05_Area1!D6+Product_05_Area2!D6+Product_05_Area3!D6 -> 1184 | E6: =(Product_05_Area1!E6+Product_05_Area2!E6+Product_05_Area3!E6)/3 -> 89.99 | F6: =Product_05_Area1!H6+Product_05_Area2!H6+Product_05_Area3!H6 -> 106548.16 | G6: =(Product_05_Area1!I6+Product_05_Area2!I6+Product_05_Area3!I6)/3 -> 101.4 | H6: =(Product_05_Area1!J6+Product_05_Area2!J6+Product_05_Area3!J6)/3 -> 87.8
A7: 1 | B7: 6 | C7: CW 6 | D7: =Product_05_Area1!D7+Product_05_Area2!D7+Product_05_Area3!D7 -> 1395 | E7: =(Product_05_Area1!E7+Product_05_Area2!E7+Product_05_Area3!E7)/3 -> 82.49 | F7: =Product_05_Area1!H7+Product_05_Area2!H7+Product_05_Area3!H7 -> 115826.13 | G7: =(Product_05_Area1!I7+Product_05_Area2!I7+Product_05_Area3!I7)/3 -> 100.2 | H7: =(Product_05_Area1!J7+Product_05_Area2!J7+Product_05_Area3!J7)/3 -> 88.086667
A8: 1 | B8: 7 | C8: CW 7 | D8: =Product_05_Area1!D8+Product_05_Area2!D8+Product_05_Area3!D8 -> 1087 | E8: =(Product_05_Area1!E8+Product_05_Area2!E8+Product_05_Area3!E8)/3 -> 89.99 | F8: =Product_05_Area1!H8+Product_05_Area2!H8+Product_05_Area3!H8 -> 97819.13 | G8: =(Product_05_Area1!I8+Product_05_Area2!I8+Product_05_Area3!I8)/3 -> 99.9 | H8: =(Product_05_Area1!J8+Product_05_Area2!J8+Product_05_Area3!J8)/3 -> 92.02
A9: 1 | B9: 8 | C9: CW 8 | D9: =Product_05_Area1!D9+Product_05_Area2!D9+Product_05_Area3!D9 -> 1422 | E9: =(Product_05_Area1!E9+Product_05_Area2!E9+Product_05_Area3!E9)/3 -> 80.99 | F9: =Product_05_Area1!H9+Product_05_Area2!H9+Product_05_Area3!H9 -> 116429.06 | G9: =(Product_05_Area1!I9+Product_05_Area2!I9+Product_05_Area3!I9)/3 -> 101.03333 | H9: =(Product_05_Area1!J9+Product_05_Area2!J9+Product_05_Area3!J9)/3 -> 88.41
A10: 1 | B10: 9 | C10: CW 9 | D10: =Product_05_Area1!D10+Product_05_Area2!D10+Product_05_Area3!D10 -> 1097 | E10: =(Product_05_Area1!E10+Product_05_Area2!E10+Product_05_Area3!E10)/3 -> 89.99 | F10: =Product_05_Area1!H10+Product_05_Area2!H10+Product_05_Area3!H10 -> 98719.03 | G10: =(Product_05_Area1!I10+Product_05_Area2!I10+Product_05_Area3!I10)/3 -> 99.4 | H10: =(Product_05_Area1!J10+Product_05_Area2!J10+Product_05_Area3!J10)/3 -> 89.67
A11: 1 | B11: 10 | C11: CW 10 | D11: =Product_05_Area1!D11+Product_05_Area2!D11+Product_05_Area3!D11 -> 1159 | E11: =(Product_05_Area1!E11+Product_05_Area2!E11+Product_05_Area3!E11)/3 -> 83.99 | F11: =Product_05_Area1!H11+Product_05_Area2!H11+Product_05_Area3!H11 -> 95749.36 | G11: =(Product_05_Area1!I11+Product_05_Area2!I11+Product_05_Area3!I11)/3 -> 100.83333 | H11: =(Product_05_Area1!J11+Product_05_Area2!J11+Product_05_Area3!J11)/3 -> 88.546667
A12: 1 | B12: 11 | C12: CW 11 | D12: =Product_05_Area1!D12+Product_05_Area2!D12+Product_05_Area3!D12 -> 1025 | E12: =(Product_05_Area1!E12+Product_05_Area2!E12+Product_05_Area3!E12)/3 -> 88.49 | F12: =Product_05_Area1!H12+Product_05_Area2!H12+Product_05_Area3!H12 -> 90921.4 | G12: =(Product_05_Area1!I12+Product_05_Area2!I12+Product_05_Area3!I12)/3 -> 103.16667 | H12: =(Product_05_Area1!J12+Product_05_Area2!J12+Product_05_Area3!J12)/3 -> 83.576667
A13: 1 | B13: 12 | C13: CW 12 | D13: =Product_05_Area1!D13+Product_05_Area2!D13+Product_05_Area3!D13 -> 1081 | E13: =(Product_05_Area1!E13+Product_05_Area2!E13+Product_05_Area3!E13)/3 -> 89.99 | F13: =Product_05_Area1!H13+Product_05_Area2!H13+Product_05_Area3!H13 -> 97279.19 | G13: =(Product_05_Area1!I13+Product_05_Area2!I13+Product_05_Area3!I13)/3 -> 100.36667 | H13: =(Product_05_Area1!J13+Product_05_Area2!J13+Product_05_Area3!J13)/3 -> 88.886667
... A105: 2 | B105: 52 | C105: CW 52 | D105: =Product_05_Area1!D105+Product_05_Area2!D105+Product_05_Area3!D105 -> 1609 | E105: =(Product_05_Area1!E105+Product_05_Area2!E105+Product_05_Area3!E105)/3 -> 89.99 | F105: =Product_05_Area1!H105+Product_05_Area2!H105+Product_05_Area3!H105 -> 144793.91 | G105: =(Product_05_Area1!I105+Product_05_Area2!I105+Product_05_Area3!I105)/3 -> 112.66667 | H105: =(Product_05_Area1!J105+Product_05_Area2!J105+Product_05_Area3!J105)/3 -> 94.446667
